cik,sector
1090872,Health Care
1090872,Health Care
1090872,Health Care
1090872,Health Care
1090872,Health Care
1090872,Health Care
1090872,Health Care
1090872,Health Care
1090872,Health Care
1090872,Health Care
1090872,Health Care
1090872,Health Care
1090872,Health Care
1090872,Health Care
1090872,Health Care
1090872,Health Care
1090872,Health Care
1090872,Health Care
1090872,Health Care
1090872,Health Care
320193,Information Technology
320193,Information Technology
320193,Information Technology
320193,Information Technology
320193,Information Technology
320193,Information Technology
320193,Information Technology
320193,Information Technology
320193,Information Technology
320193,Information Technology
320193,Information Technology
320193,Information Technology
320193,Information Technology
320193,Information Technology
320193,Information Technology
320193,Information Technology
320193,Information Technology
320193,Information Technology
320193,Information Technology
1800,Health Care
1800,Health Care
1800,Health Care
1800,Health Care
1800,Health Care
1800,Health Care
1800,Health Care
1800,Health Care
1800,Health Care
1800,Health Care
1800,Health Care
1800,Health Care
1800,Health Care
1800,Health Care
1800,Health Care
1800,Health Care
1800,Health Care
1800,Health Care
1800,Health Care
1800,Health Care
796343,Information Technology
796343,Information Technology
796343,Information Technology
796343,Information Technology
796343,Information Technology
796343,Information Technology
796343,Information Technology
796343,Information Technology
796343,Information Technology
796343,Information Technology
796343,Information Technology
796343,Information Technology
796343,Information Technology
796343,Information Technology
796343,Information Technology
796343,Information Technology
796343,Information Technology
796343,Information Technology
796343,Information Technology
796343,Information Technology
6281,Information Technology
6281,Information Technology
6281,Information Technology
6281,Information Technology
6281,Information Technology
6281,Information Technology
6281,Information Technology
6281,Information Technology
6281,Information Technology
6281,Information Technology
6281,Information Technology
6281,Information Technology
6281,Information Technology
6281,Information Technology
6281,Information Technology
6281,Information Technology
6281,Information Technology
6281,Information Technology
6281,Information Technology
7084,Consumer Staples
7084,Consumer Staples
7084,Consumer Staples
7084,Consumer Staples
7084,Consumer Staples
7084,Consumer Staples
7084,Consumer Staples
7084,Consumer Staples
7084,Consumer Staples
7084,Consumer Staples
7084,Consumer Staples
7084,Consumer Staples
7084,Consumer Staples
7084,Consumer Staples
7084,Consumer Staples
7084,Consumer Staples
7084,Consumer Staples
7084,Consumer Staples
7084,Consumer Staples
8670,Industrials
8670,Industrials
8670,Industrials
8670,Industrials
8670,Industrials
8670,Industrials
8670,Industrials
8670,Industrials
8670,Industrials
8670,Industrials
8670,Industrials
8670,Industrials
8670,Industrials
8670,Industrials
8670,Industrials
8670,Industrials
8670,Industrials
8670,Industrials
8670,Industrials
8670,Industrials
769397,Information Technology
769397,Information Technology
769397,Information Technology
769397,Information Technology
769397,Information Technology
769397,Information Technology
769397,Information Technology
769397,Information Technology
769397,Information Technology
769397,Information Technology
769397,Information Technology
769397,Information Technology
769397,Information Technology
769397,Information Technology
769397,Information Technology
769397,Information Technology
769397,Information Technology
769397,Information Technology
769397,Information Technology
769397,Information Technology
1002910,Utilities
1002910,Utilities
1002910,Utilities
1002910,Utilities
1002910,Utilities
1002910,Utilities
1002910,Utilities
1002910,Utilities
1002910,Utilities
1002910,Utilities
1002910,Utilities
1002910,Utilities
1002910,Utilities
1002910,Utilities
1002910,Utilities
1002910,Utilities
1002910,Utilities
1002910,Utilities
1002910,Utilities
1002910,Utilities
4904,Utilities
4904,Utilities
4904,Utilities
4904,Utilities
4904,Utilities
4904,Utilities
4904,Utilities
4904,Utilities
4904,Utilities
4904,Utilities
4904,Utilities
4904,Utilities
4904,Utilities
4904,Utilities
4904,Utilities
874761,Utilities
874761,Utilities
874761,Utilities
874761,Utilities
874761,Utilities
874761,Utilities
874761,Utilities
874761,Utilities
874761,Utilities
874761,Utilities
874761,Utilities
874761,Utilities
874761,Utilities
874761,Utilities
874761,Utilities
874761,Utilities
874761,Utilities
874761,Utilities
874761,Utilities
874761,Utilities
4977,Financials
4977,Financials
4977,Financials
4977,Financials
4977,Financials
4977,Financials
4977,Financials
4977,Financials
4977,Financials
4977,Financials
4977,Financials
4977,Financials
4977,Financials
4977,Financials
4977,Financials
4977,Financials
4977,Financials
4977,Financials
4977,Financials
4977,Financials
5272,Financials
5272,Financials
5272,Financials
5272,Financials
5272,Financials
5272,Financials
5272,Financials
5272,Financials
5272,Financials
5272,Financials
5272,Financials
5272,Financials
5272,Financials
5272,Financials
5272,Financials
5272,Financials
5272,Financials
5272,Financials
5272,Financials
5272,Financials
899051,Financials
899051,Financials
899051,Financials
899051,Financials
899051,Financials
899051,Financials
899051,Financials
899051,Financials
899051,Financials
899051,Financials
899051,Financials
899051,Financials
899051,Financials
899051,Financials
899051,Financials
899051,Financials
899051,Financials
899051,Financials
899051,Financials
899051,Financials
6951,Information Technology
6951,Information Technology
6951,Information Technology
6951,Information Technology
6951,Information Technology
6951,Information Technology
6951,Information Technology
6951,Information Technology
6951,Information Technology
6951,Information Technology
6951,Information Technology
6951,Information Technology
6951,Information Technology
6951,Information Technology
6951,Information Technology
6951,Information Technology
6951,Information Technology
6951,Information Technology
6951,Information Technology
318154,Health Care
318154,Health Care
318154,Health Care
318154,Health Care
318154,Health Care
318154,Health Care
318154,Health Care
318154,Health Care
318154,Health Care
318154,Health Care
318154,Health Care
318154,Health Care
318154,Health Care
318154,Health Care
318154,Health Care
318154,Health Care
318154,Health Care
318154,Health Care
318154,Health Care
318154,Health Care
315293,Financials
315293,Financials
315293,Financials
315293,Financials
315293,Financials
315293,Financials
315293,Financials
315293,Financials
315293,Financials
315293,Financials
315293,Financials
315293,Financials
315293,Financials
315293,Financials
315293,Financials
315293,Financials
315293,Financials
315293,Financials
315293,Financials
315293,Financials
1841666,Energy
1841666,Energy
1841666,Energy
1841666,Energy
2969,Materials
2969,Materials
2969,Materials
2969,Materials
2969,Materials
2969,Materials
2969,Materials
2969,Materials
2969,Materials
2969,Materials
2969,Materials
2969,Materials
2969,Materials
2969,Materials
2969,Materials
2969,Materials
2969,Materials
2969,Materials
2969,Materials
8818,Materials
8818,Materials
8818,Materials
8818,Materials
8818,Materials
8818,Materials
8818,Materials
8818,Materials
8818,Materials
8818,Materials
8818,Materials
8818,Materials
8818,Materials
8818,Materials
8818,Materials
8818,Materials
8818,Materials
8818,Materials
8818,Materials
8818,Materials
4962,Financials
4962,Financials
4962,Financials
4962,Financials
4962,Financials
4962,Financials
4962,Financials
4962,Financials
4962,Financials
4962,Financials
4962,Financials
4962,Financials
4962,Financials
4962,Financials
4962,Financials
4962,Financials
4962,Financials
4962,Financials
4962,Financials
4962,Financials
866787,Consumer Discretionary
866787,Consumer Discretionary
866787,Consumer Discretionary
866787,Consumer Discretionary
866787,Consumer Discretionary
866787,Consumer Discretionary
866787,Consumer Discretionary
866787,Consumer Discretionary
866787,Consumer Discretionary
866787,Consumer Discretionary
866787,Consumer Discretionary
866787,Consumer Discretionary
866787,Consumer Discretionary
866787,Consumer Discretionary
866787,Consumer Discretionary
866787,Consumer Discretionary
866787,Consumer Discretionary
866787,Consumer Discretionary
866787,Consumer Discretionary
12927,Industrials
12927,Industrials
12927,Industrials
12927,Industrials
12927,Industrials
12927,Industrials
12927,Industrials
12927,Industrials
12927,Industrials
12927,Industrials
12927,Industrials
12927,Industrials
12927,Industrials
12927,Industrials
12927,Industrials
12927,Industrials
12927,Industrials
12927,Industrials
12927,Industrials
12927,Industrials
70858,Financials
70858,Financials
70858,Financials
70858,Financials
70858,Financials
70858,Financials
70858,Financials
70858,Financials
70858,Financials
70858,Financials
70858,Financials
70858,Financials
70858,Financials
70858,Financials
70858,Financials
70858,Financials
70858,Financials
70858,Financials
70858,Financials
70858,Financials
10456,Health Care
10456,Health Care
10456,Health Care
10456,Health Care
10456,Health Care
10456,Health Care
10456,Health Care
10456,Health Care
10456,Health Care
10456,Health Care
10456,Health Care
10456,Health Care
10456,Health Care
10456,Health Care
10456,Health Care
10456,Health Care
10456,Health Care
10456,Health Care
10456,Health Care
10456,Health Care
764478,Consumer Discretionary
764478,Consumer Discretionary
764478,Consumer Discretionary
764478,Consumer Discretionary
764478,Consumer Discretionary
764478,Consumer Discretionary
764478,Consumer Discretionary
764478,Consumer Discretionary
764478,Consumer Discretionary
764478,Consumer Discretionary
764478,Consumer Discretionary
764478,Consumer Discretionary
764478,Consumer Discretionary
764478,Consumer Discretionary
764478,Consumer Discretionary
764478,Consumer Discretionary
764478,Consumer Discretionary
764478,Consumer Discretionary
764478,Consumer Discretionary
10795,Health Care
10795,Health Care
10795,Health Care
10795,Health Care
10795,Health Care
10795,Health Care
10795,Health Care
10795,Health Care
10795,Health Care
10795,Health Care
10795,Health Care
10795,Health Care
10795,Health Care
10795,Health Care
10795,Health Care
10795,Health Care
10795,Health Care
10795,Health Care
10795,Health Care
38777,Financials
38777,Financials
38777,Financials
38777,Financials
38777,Financials
38777,Financials
38777,Financials
38777,Financials
38777,Financials
38777,Financials
38777,Financials
38777,Financials
38777,Financials
38777,Financials
38777,Financials
38777,Financials
38777,Financials
38777,Financials
38777,Financials
38777,Financials
14693,Consumer Staples
14693,Consumer Staples
14693,Consumer Staples
14693,Consumer Staples
14693,Consumer Staples
14693,Consumer Staples
14693,Consumer Staples
14693,Consumer Staples
14693,Consumer Staples
14693,Consumer Staples
14693,Consumer Staples
14693,Consumer Staples
14693,Consumer Staples
14693,Consumer Staples
875045,Health Care
875045,Health Care
875045,Health Care
875045,Health Care
875045,Health Care
875045,Health Care
875045,Health Care
875045,Health Care
875045,Health Care
875045,Health Care
875045,Health Care
875045,Health Care
875045,Health Care
875045,Health Care
875045,Health Care
875045,Health Care
875045,Health Care
875045,Health Care
875045,Health Care
875045,Health Care
1390777,Financials
1390777,Financials
1390777,Financials
1390777,Financials
1390777,Financials
1390777,Financials
1390777,Financials
1390777,Financials
1390777,Financials
1390777,Financials
1390777,Financials
1390777,Financials
1390777,Financials
1390777,Financials
1390777,Financials
1390777,Financials
1390777,Financials
1390777,Financials
14272,Health Care
14272,Health Care
14272,Health Care
14272,Health Care
14272,Health Care
14272,Health Care
14272,Health Care
14272,Health Care
14272,Health Care
14272,Health Care
14272,Health Care
14272,Health Care
14272,Health Care
14272,Health Care
14272,Health Care
14272,Health Care
14272,Health Care
14272,Health Care
14272,Health Care
14272,Health Care
885725,Health Care
885725,Health Care
885725,Health Care
885725,Health Care
885725,Health Care
885725,Health Care
885725,Health Care
885725,Health Care
885725,Health Care
885725,Health Care
885725,Health Care
885725,Health Care
885725,Health Care
885725,Health Care
885725,Health Care
885725,Health Care
885725,Health Care
885725,Health Care
885725,Health Care
885725,Health Care
831001,Financials
831001,Financials
831001,Financials
831001,Financials
831001,Financials
831001,Financials
831001,Financials
831001,Financials
831001,Financials
831001,Financials
831001,Financials
831001,Financials
831001,Financials
831001,Financials
831001,Financials
23217,Consumer Staples
23217,Consumer Staples
23217,Consumer Staples
23217,Consumer Staples
23217,Consumer Staples
23217,Consumer Staples
23217,Consumer Staples
23217,Consumer Staples
23217,Consumer Staples
23217,Consumer Staples
23217,Consumer Staples
23217,Consumer Staples
23217,Consumer Staples
23217,Consumer Staples
23217,Consumer Staples
23217,Consumer Staples
23217,Consumer Staples
23217,Consumer Staples
23217,Consumer Staples
23217,Consumer Staples
721371,Health Care
721371,Health Care
721371,Health Care
721371,Health Care
721371,Health Care
721371,Health Care
721371,Health Care
721371,Health Care
721371,Health Care
18230,Industrials
18230,Industrials
18230,Industrials
18230,Industrials
18230,Industrials
18230,Industrials
18230,Industrials
18230,Industrials
18230,Industrials
18230,Industrials
18230,Industrials
18230,Industrials
18230,Industrials
18230,Industrials
18230,Industrials
18230,Industrials
18230,Industrials
18230,Industrials
18230,Industrials
18230,Industrials
896159,Financials
896159,Financials
896159,Financials
896159,Financials
896159,Financials
896159,Financials
896159,Financials
896159,Financials
896159,Financials
896159,Financials
896159,Financials
896159,Financials
896159,Financials
896159,Financials
896159,Financials
896159,Financials
896159,Financials
896159,Financials
896159,Financials
896159,Financials
815097,Consumer Discretionary
815097,Consumer Discretionary
815097,Consumer Discretionary
815097,Consumer Discretionary
815097,Consumer Discretionary
815097,Consumer Discretionary
815097,Consumer Discretionary
815097,Consumer Discretionary
815097,Consumer Discretionary
815097,Consumer Discretionary
815097,Consumer Discretionary
815097,Consumer Discretionary
815097,Consumer Discretionary
815097,Consumer Discretionary
815097,Consumer Discretionary
815097,Consumer Discretionary
815097,Consumer Discretionary
815097,Consumer Discretionary
1739940,Health Care
1739940,Health Care
1739940,Health Care
1739940,Health Care
1739940,Health Care
1739940,Health Care
1739940,Health Care
20286,Financials
20286,Financials
20286,Financials
20286,Financials
20286,Financials
20286,Financials
20286,Financials
20286,Financials
20286,Financials
20286,Financials
20286,Financials
20286,Financials
20286,Financials
20286,Financials
20286,Financials
21665,Consumer Staples
21665,Consumer Staples
21665,Consumer Staples
21665,Consumer Staples
21665,Consumer Staples
21665,Consumer Staples
21665,Consumer Staples
21665,Consumer Staples
21665,Consumer Staples
21665,Consumer Staples
21665,Consumer Staples
21665,Consumer Staples
21665,Consumer Staples
21665,Consumer Staples
21665,Consumer Staples
21076,Consumer Staples
21076,Consumer Staples
21076,Consumer Staples
21076,Consumer Staples
21076,Consumer Staples
21076,Consumer Staples
21076,Consumer Staples
21076,Consumer Staples
21076,Consumer Staples
21076,Consumer Staples
21076,Consumer Staples
21076,Consumer Staples
21076,Consumer Staples
21076,Consumer Staples
21076,Consumer Staples
21076,Consumer Staples
21076,Consumer Staples
21076,Consumer Staples
21076,Consumer Staples
21076,Consumer Staples
1166691,Communication Services
1166691,Communication Services
1166691,Communication Services
1166691,Communication Services
1166691,Communication Services
1166691,Communication Services
1166691,Communication Services
1166691,Communication Services
1166691,Communication Services
1166691,Communication Services
1166691,Communication Services
1166691,Communication Services
1166691,Communication Services
1166691,Communication Services
1166691,Communication Services
1166691,Communication Services
1166691,Communication Services
1166691,Communication Services
1166691,Communication Services
1166691,Communication Services
26172,Industrials
26172,Industrials
26172,Industrials
26172,Industrials
26172,Industrials
26172,Industrials
26172,Industrials
26172,Industrials
26172,Industrials
26172,Industrials
26172,Industrials
26172,Industrials
26172,Industrials
26172,Industrials
26172,Industrials
26172,Industrials
26172,Industrials
26172,Industrials
26172,Industrials
26172,Industrials
811156,Utilities
811156,Utilities
811156,Utilities
811156,Utilities
811156,Utilities
811156,Utilities
811156,Utilities
811156,Utilities
811156,Utilities
811156,Utilities
811156,Utilities
811156,Utilities
811156,Utilities
811156,Utilities
811156,Utilities
811156,Utilities
811156,Utilities
1130310,Utilities
1130310,Utilities
1130310,Utilities
1130310,Utilities
1130310,Utilities
1130310,Utilities
1130310,Utilities
1130310,Utilities
1130310,Utilities
1130310,Utilities
1130310,Utilities
1130310,Utilities
1130310,Utilities
1130310,Utilities
927628,Financials
927628,Financials
927628,Financials
927628,Financials
927628,Financials
927628,Financials
927628,Financials
927628,Financials
927628,Financials
927628,Financials
927628,Financials
927628,Financials
927628,Financials
927628,Financials
927628,Financials
927628,Financials
927628,Financials
927628,Financials
927628,Financials
927628,Financials
1163165,Energy
1163165,Energy
1163165,Energy
1163165,Energy
1163165,Energy
1163165,Energy
1163165,Energy
1163165,Energy
1163165,Energy
1163165,Energy
1163165,Energy
1163165,Energy
1163165,Energy
1163165,Energy
1163165,Energy
1163165,Energy
1163165,Energy
1163165,Energy
1163165,Energy
1163165,Energy
909832,Consumer Staples
909832,Consumer Staples
909832,Consumer Staples
909832,Consumer Staples
909832,Consumer Staples
909832,Consumer Staples
909832,Consumer Staples
909832,Consumer Staples
909832,Consumer Staples
909832,Consumer Staples
909832,Consumer Staples
909832,Consumer Staples
909832,Consumer Staples
909832,Consumer Staples
909832,Consumer Staples
909832,Consumer Staples
909832,Consumer Staples
909832,Consumer Staples
909832,Consumer Staples
16732,Consumer Staples
16732,Consumer Staples
16732,Consumer Staples
16732,Consumer Staples
16732,Consumer Staples
16732,Consumer Staples
16732,Consumer Staples
16732,Consumer Staples
16732,Consumer Staples
16732,Consumer Staples
16732,Consumer Staples
16732,Consumer Staples
16732,Consumer Staples
16732,Consumer Staples
16732,Consumer Staples
16732,Consumer Staples
16732,Consumer Staples
16732,Consumer Staples
16732,Consumer Staples
858877,Information Technology
858877,Information Technology
858877,Information Technology
858877,Information Technology
858877,Information Technology
858877,Information Technology
858877,Information Technology
858877,Information Technology
858877,Information Technology
858877,Information Technology
858877,Information Technology
858877,Information Technology
858877,Information Technology
858877,Information Technology
858877,Information Technology
858877,Information Technology
858877,Information Technology
858877,Information Technology
858877,Information Technology
277948,Industrials
277948,Industrials
277948,Industrials
277948,Industrials
277948,Industrials
277948,Industrials
277948,Industrials
277948,Industrials
277948,Industrials
277948,Industrials
277948,Industrials
277948,Industrials
277948,Industrials
277948,Industrials
277948,Industrials
277948,Industrials
277948,Industrials
277948,Industrials
277948,Industrials
277948,Industrials
723254,Industrials
723254,Industrials
723254,Industrials
723254,Industrials
723254,Industrials
723254,Industrials
723254,Industrials
723254,Industrials
723254,Industrials
723254,Industrials
723254,Industrials
723254,Industrials
723254,Industrials
723254,Industrials
723254,Industrials
723254,Industrials
723254,Industrials
723254,Industrials
723254,Industrials
64803,Health Care
64803,Health Care
64803,Health Care
64803,Health Care
64803,Health Care
64803,Health Care
64803,Health Care
64803,Health Care
64803,Health Care
64803,Health Care
64803,Health Care
64803,Health Care
64803,Health Care
64803,Health Care
64803,Health Care
64803,Health Care
64803,Health Care
64803,Health Care
64803,Health Care
64803,Health Care
93410,Energy
93410,Energy
93410,Energy
93410,Energy
93410,Energy
93410,Energy
93410,Energy
93410,Energy
93410,Energy
93410,Energy
93410,Energy
93410,Energy
93410,Energy
93410,Energy
93410,Energy
93410,Energy
93410,Energy
93410,Energy
93410,Energy
93410,Energy
715957,Utilities
715957,Utilities
715957,Utilities
715957,Utilities
715957,Utilities
715957,Utilities
715957,Utilities
715957,Utilities
715957,Utilities
715957,Utilities
715957,Utilities
715957,Utilities
715957,Utilities
715957,Utilities
715957,Utilities
715957,Utilities
715957,Utilities
715957,Utilities
715957,Utilities
315189,Industrials
315189,Industrials
315189,Industrials
315189,Industrials
315189,Industrials
315189,Industrials
315189,Industrials
315189,Industrials
315189,Industrials
315189,Industrials
315189,Industrials
1022079,Health Care
1022079,Health Care
1022079,Health Care
1022079,Health Care
1022079,Health Care
1022079,Health Care
1022079,Health Care
1022079,Health Care
1022079,Health Care
1022079,Health Care
1022079,Health Care
1022079,Health Care
1022079,Health Care
1022079,Health Care
1022079,Health Care
1022079,Health Care
1022079,Health Care
1022079,Health Care
1022079,Health Care
1022079,Health Care
313616,Health Care
313616,Health Care
313616,Health Care
313616,Health Care
313616,Health Care
313616,Health Care
313616,Health Care
313616,Health Care
313616,Health Care
313616,Health Care
313616,Health Care
313616,Health Care
313616,Health Care
313616,Health Care
313616,Health Care
313616,Health Care
313616,Health Care
313616,Health Care
313616,Health Care
313616,Health Care
1744489,Communication Services
1744489,Communication Services
1744489,Communication Services
1744489,Communication Services
1744489,Communication Services
1744489,Communication Services
29905,Industrials
29905,Industrials
29905,Industrials
29905,Industrials
29905,Industrials
29905,Industrials
29905,Industrials
29905,Industrials
29905,Industrials
29905,Industrials
29905,Industrials
29905,Industrials
29905,Industrials
29905,Industrials
29905,Industrials
29905,Industrials
29905,Industrials
29905,Industrials
29905,Industrials
29905,Industrials
940944,Consumer Discretionary
940944,Consumer Discretionary
940944,Consumer Discretionary
940944,Consumer Discretionary
940944,Consumer Discretionary
940944,Consumer Discretionary
940944,Consumer Discretionary
940944,Consumer Discretionary
940944,Consumer Discretionary
940944,Consumer Discretionary
940944,Consumer Discretionary
940944,Consumer Discretionary
940944,Consumer Discretionary
940944,Consumer Discretionary
940944,Consumer Discretionary
940944,Consumer Discretionary
940944,Consumer Discretionary
940944,Consumer Discretionary
940944,Consumer Discretionary
940944,Consumer Discretionary
936340,Utilities
936340,Utilities
936340,Utilities
936340,Utilities
936340,Utilities
936340,Utilities
936340,Utilities
936340,Utilities
936340,Utilities
936340,Utilities
936340,Utilities
936340,Utilities
936340,Utilities
936340,Utilities
936340,Utilities
936340,Utilities
936340,Utilities
936340,Utilities
936340,Utilities
1326160,Utilities
1326160,Utilities
1326160,Utilities
1326160,Utilities
1326160,Utilities
1326160,Utilities
1326160,Utilities
1326160,Utilities
1326160,Utilities
1326160,Utilities
1326160,Utilities
1326160,Utilities
1326160,Utilities
1326160,Utilities
1326160,Utilities
1326160,Utilities
1326160,Utilities
1326160,Utilities
1326160,Utilities
1090012,Energy
1090012,Energy
1090012,Energy
1090012,Energy
1090012,Energy
1090012,Energy
1090012,Energy
1090012,Energy
1090012,Energy
1090012,Energy
1090012,Energy
1090012,Energy
1090012,Energy
1090012,Energy
1090012,Energy
1090012,Energy
1090012,Energy
1090012,Energy
1090012,Energy
1090012,Energy
712515,Communication Services
712515,Communication Services
712515,Communication Services
712515,Communication Services
712515,Communication Services
712515,Communication Services
712515,Communication Services
712515,Communication Services
712515,Communication Services
712515,Communication Services
712515,Communication Services
712515,Communication Services
712515,Communication Services
712515,Communication Services
712515,Communication Services
712515,Communication Services
712515,Communication Services
712515,Communication Services
712515,Communication Services
712515,Communication Services
1065088,Consumer Discretionary
1065088,Consumer Discretionary
1065088,Consumer Discretionary
1065088,Consumer Discretionary
1065088,Consumer Discretionary
1065088,Consumer Discretionary
1065088,Consumer Discretionary
1065088,Consumer Discretionary
1065088,Consumer Discretionary
1065088,Consumer Discretionary
1065088,Consumer Discretionary
1065088,Consumer Discretionary
1065088,Consumer Discretionary
1065088,Consumer Discretionary
1065088,Consumer Discretionary
31462,Materials
31462,Materials
31462,Materials
31462,Materials
31462,Materials
31462,Materials
31462,Materials
31462,Materials
31462,Materials
31462,Materials
31462,Materials
31462,Materials
31462,Materials
31462,Materials
31462,Materials
31462,Materials
31462,Materials
31462,Materials
31462,Materials
31462,Materials
1047862,Utilities
1047862,Utilities
1047862,Utilities
1047862,Utilities
1047862,Utilities
1047862,Utilities
1047862,Utilities
1047862,Utilities
1047862,Utilities
1047862,Utilities
1047862,Utilities
1047862,Utilities
1047862,Utilities
1047862,Utilities
1047862,Utilities
1047862,Utilities
1047862,Utilities
1047862,Utilities
1047862,Utilities
33185,Industrials
33185,Industrials
33185,Industrials
33185,Industrials
33185,Industrials
33185,Industrials
33185,Industrials
33185,Industrials
33185,Industrials
33185,Industrials
33185,Industrials
33185,Industrials
33185,Industrials
33185,Industrials
33185,Industrials
33185,Industrials
33185,Industrials
33185,Industrials
33185,Industrials
33185,Industrials
827052,Utilities
827052,Utilities
827052,Utilities
827052,Utilities
827052,Utilities
827052,Utilities
827052,Utilities
827052,Utilities
827052,Utilities
827052,Utilities
827052,Utilities
827052,Utilities
827052,Utilities
827052,Utilities
827052,Utilities
827052,Utilities
827052,Utilities
827052,Utilities
827052,Utilities
915389,Materials
915389,Materials
915389,Materials
915389,Materials
915389,Materials
915389,Materials
915389,Materials
915389,Materials
915389,Materials
915389,Materials
915389,Materials
915389,Materials
915389,Materials
915389,Materials
915389,Materials
915389,Materials
915389,Materials
915389,Materials
915389,Materials
915389,Materials
32604,Industrials
32604,Industrials
32604,Industrials
32604,Industrials
32604,Industrials
32604,Industrials
32604,Industrials
32604,Industrials
32604,Industrials
32604,Industrials
32604,Industrials
32604,Industrials
32604,Industrials
32604,Industrials
821189,Energy
821189,Energy
821189,Energy
821189,Energy
821189,Energy
821189,Energy
821189,Energy
821189,Energy
821189,Energy
821189,Energy
821189,Energy
821189,Energy
821189,Energy
821189,Energy
821189,Energy
906107,Real Estate
906107,Real Estate
906107,Real Estate
906107,Real Estate
906107,Real Estate
906107,Real Estate
906107,Real Estate
906107,Real Estate
906107,Real Estate
906107,Real Estate
906107,Real Estate
906107,Real Estate
906107,Real Estate
906107,Real Estate
906107,Real Estate
906107,Real Estate
906107,Real Estate
906107,Real Estate
906107,Real Estate
906107,Real Estate
1551182,Industrials
1551182,Industrials
1551182,Industrials
1551182,Industrials
1551182,Industrials
1551182,Industrials
1551182,Industrials
1551182,Industrials
1551182,Industrials
1551182,Industrials
1551182,Industrials
1551182,Industrials
1551182,Industrials
65984,Utilities
65984,Utilities
65984,Utilities
65984,Utilities
65984,Utilities
65984,Utilities
65984,Utilities
65984,Utilities
65984,Utilities
1109357,Utilities
1109357,Utilities
1109357,Utilities
1109357,Utilities
1109357,Utilities
1109357,Utilities
1109357,Utilities
1109357,Utilities
1109357,Utilities
1109357,Utilities
1109357,Utilities
1109357,Utilities
1109357,Utilities
1109357,Utilities
1109357,Utilities
1109357,Utilities
1109357,Utilities
1109357,Utilities
1109357,Utilities
1109357,Utilities
37996,Consumer Discretionary
37996,Consumer Discretionary
37996,Consumer Discretionary
37996,Consumer Discretionary
37996,Consumer Discretionary
37996,Consumer Discretionary
37996,Consumer Discretionary
37996,Consumer Discretionary
37996,Consumer Discretionary
37996,Consumer Discretionary
37996,Consumer Discretionary
37996,Consumer Discretionary
37996,Consumer Discretionary
37996,Consumer Discretionary
37996,Consumer Discretionary
831259,Materials
831259,Materials
831259,Materials
831259,Materials
831259,Materials
831259,Materials
831259,Materials
831259,Materials
831259,Materials
831259,Materials
831259,Materials
831259,Materials
831259,Materials
831259,Materials
831259,Materials
831259,Materials
831259,Materials
831259,Materials
831259,Materials
831259,Materials
1048911,Industrials
1048911,Industrials
1048911,Industrials
1048911,Industrials
1048911,Industrials
1048911,Industrials
1048911,Industrials
1048911,Industrials
1048911,Industrials
1048911,Industrials
1048911,Industrials
1048911,Industrials
1048911,Industrials
1048911,Industrials
1048911,Industrials
1048911,Industrials
1048911,Industrials
1048911,Industrials
1048911,Industrials
1048911,Industrials
1031296,Utilities
1031296,Utilities
1031296,Utilities
1031296,Utilities
1031296,Utilities
1031296,Utilities
1031296,Utilities
1031296,Utilities
1031296,Utilities
1031296,Utilities
1031296,Utilities
1031296,Utilities
1031296,Utilities
1031296,Utilities
1031296,Utilities
35527,Financials
35527,Financials
35527,Financials
35527,Financials
35527,Financials
35527,Financials
35527,Financials
35527,Financials
35527,Financials
35527,Financials
35527,Financials
35527,Financials
35527,Financials
35527,Financials
35527,Financials
35527,Financials
35527,Financials
35527,Financials
35527,Financials
35527,Financials
1754301,Communication Services
1754301,Communication Services
1754301,Communication Services
1754301,Communication Services
1754301,Communication Services
1754301,Communication Services
1754301,Communication Services
40533,Industrials
40533,Industrials
40533,Industrials
40533,Industrials
40533,Industrials
40533,Industrials
40533,Industrials
40533,Industrials
40533,Industrials
40533,Industrials
40533,Industrials
40533,Industrials
40533,Industrials
40533,Industrials
40533,Industrials
40533,Industrials
40533,Industrials
40533,Industrials
40533,Industrials
40533,Industrials
40545,Industrials
40545,Industrials
40545,Industrials
40545,Industrials
40545,Industrials
40545,Industrials
40545,Industrials
40545,Industrials
40545,Industrials
882095,Health Care
882095,Health Care
882095,Health Care
882095,Health Care
882095,Health Care
882095,Health Care
882095,Health Care
882095,Health Care
882095,Health Care
882095,Health Care
882095,Health Care
882095,Health Care
882095,Health Care
882095,Health Care
882095,Health Care
882095,Health Care
882095,Health Care
882095,Health Care
882095,Health Care
882095,Health Care
40704,Consumer Staples
40704,Consumer Staples
40704,Consumer Staples
40704,Consumer Staples
40704,Consumer Staples
40704,Consumer Staples
40704,Consumer Staples
40704,Consumer Staples
40704,Consumer Staples
40704,Consumer Staples
40704,Consumer Staples
40704,Consumer Staples
40704,Consumer Staples
40704,Consumer Staples
40704,Consumer Staples
40704,Consumer Staples
40704,Consumer Staples
40704,Consumer Staples
40704,Consumer Staples
40704,Consumer Staples
24741,Information Technology
24741,Information Technology
24741,Information Technology
24741,Information Technology
24741,Information Technology
24741,Information Technology
24741,Information Technology
24741,Information Technology
24741,Information Technology
24741,Information Technology
24741,Information Technology
24741,Information Technology
24741,Information Technology
24741,Information Technology
24741,Information Technology
24741,Information Technology
24741,Information Technology
24741,Information Technology
40987,Consumer Discretionary
40987,Consumer Discretionary
40987,Consumer Discretionary
40987,Consumer Discretionary
40987,Consumer Discretionary
40987,Consumer Discretionary
40987,Consumer Discretionary
40987,Consumer Discretionary
40987,Consumer Discretionary
40987,Consumer Discretionary
40987,Consumer Discretionary
40987,Consumer Discretionary
40987,Consumer Discretionary
40987,Consumer Discretionary
40987,Consumer Discretionary
40987,Consumer Discretionary
40987,Consumer Discretionary
40987,Consumer Discretionary
40987,Consumer Discretionary
40987,Consumer Discretionary
886982,Financials
886982,Financials
886982,Financials
886982,Financials
886982,Financials
886982,Financials
886982,Financials
886982,Financials
886982,Financials
886982,Financials
886982,Financials
886982,Financials
886982,Financials
886982,Financials
886982,Financials
886982,Financials
886982,Financials
277135,Industrials
277135,Industrials
277135,Industrials
277135,Industrials
277135,Industrials
277135,Industrials
277135,Industrials
277135,Industrials
277135,Industrials
277135,Industrials
277135,Industrials
277135,Industrials
277135,Industrials
277135,Industrials
277135,Industrials
45012,Energy
45012,Energy
45012,Energy
45012,Energy
45012,Energy
45012,Energy
45012,Energy
45012,Energy
45012,Energy
45012,Energy
45012,Energy
45012,Energy
45012,Energy
45012,Energy
45012,Energy
45012,Energy
45012,Energy
45012,Energy
45012,Energy
45012,Energy
46080,Consumer Discretionary
46080,Consumer Discretionary
46080,Consumer Discretionary
46080,Consumer Discretionary
46080,Consumer Discretionary
46080,Consumer Discretionary
46080,Consumer Discretionary
46080,Consumer Discretionary
46080,Consumer Discretionary
46080,Consumer Discretionary
46080,Consumer Discretionary
46080,Consumer Discretionary
46080,Consumer Discretionary
46080,Consumer Discretionary
46080,Consumer Discretionary
46080,Consumer Discretionary
46080,Consumer Discretionary
46080,Consumer Discretionary
46080,Consumer Discretionary
46080,Consumer Discretionary
49196,Financials
49196,Financials
49196,Financials
49196,Financials
49196,Financials
49196,Financials
49196,Financials
49196,Financials
49196,Financials
49196,Financials
49196,Financials
49196,Financials
49196,Financials
49196,Financials
49196,Financials
49196,Financials
49196,Financials
49196,Financials
49196,Financials
49196,Financials
354950,Consumer Discretionary
354950,Consumer Discretionary
354950,Consumer Discretionary
354950,Consumer Discretionary
354950,Consumer Discretionary
354950,Consumer Discretionary
354950,Consumer Discretionary
354950,Consumer Discretionary
354950,Consumer Discretionary
354950,Consumer Discretionary
354950,Consumer Discretionary
354950,Consumer Discretionary
354950,Consumer Discretionary
354950,Consumer Discretionary
354950,Consumer Discretionary
354950,Consumer Discretionary
354950,Consumer Discretionary
354950,Consumer Discretionary
354950,Consumer Discretionary
354950,Consumer Discretionary
4447,
4447,
4447,
4447,
4447,
4447,
4447,
4447,
4447,
4447,
874766,Financials
874766,Financials
874766,Financials
874766,Financials
874766,Financials
874766,Financials
874766,Financials
874766,Financials
874766,Financials
874766,Financials
874766,Financials
773840,Industrials
773840,Industrials
773840,Industrials
773840,Industrials
773840,Industrials
773840,Industrials
773840,Industrials
773840,Industrials
773840,Industrials
773840,Industrials
773840,Industrials
773840,Industrials
773840,Industrials
773840,Industrials
773840,Industrials
773840,Industrials
773840,Industrials
773840,Industrials
773840,Industrials
773840,Industrials
47217,Information Technology
47217,Information Technology
47217,Information Technology
47217,Information Technology
47217,Information Technology
47217,Information Technology
47217,Information Technology
47217,Information Technology
47217,Information Technology
47217,Information Technology
47217,Information Technology
47217,Information Technology
47217,Information Technology
47217,Information Technology
47217,Information Technology
47217,Information Technology
47217,Information Technology
47217,Information Technology
47217,Information Technology
47217,Information Technology
47111,Consumer Staples
47111,Consumer Staples
47111,Consumer Staples
47111,Consumer Staples
47111,Consumer Staples
47111,Consumer Staples
47111,Consumer Staples
47111,Consumer Staples
47111,Consumer Staples
47111,Consumer Staples
47111,Consumer Staples
47111,Consumer Staples
47111,Consumer Staples
47111,Consumer Staples
47111,Consumer Staples
47111,Consumer Staples
47111,Consumer Staples
47111,Consumer Staples
47111,Consumer Staples
49071,Health Care
49071,Health Care
49071,Health Care
49071,Health Care
49071,Health Care
49071,Health Care
49071,Health Care
49071,Health Care
49071,Health Care
49071,Health Care
49071,Health Care
49071,Health Care
49071,Health Care
49071,Health Care
49071,Health Care
49071,Health Care
49071,Health Care
51143,Information Technology
51143,Information Technology
51143,Information Technology
51143,Information Technology
51143,Information Technology
51143,Information Technology
51143,Information Technology
51143,Information Technology
51143,Information Technology
51143,Information Technology
51143,Information Technology
51143,Information Technology
51143,Information Technology
51143,Information Technology
51143,Information Technology
51143,Information Technology
51143,Information Technology
51143,Information Technology
51143,Information Technology
51143,Information Technology
51253,Materials
51253,Materials
51253,Materials
51253,Materials
51253,Materials
51253,Materials
51253,Materials
51253,Materials
51253,Materials
51253,Materials
51253,Materials
51253,Materials
51253,Materials
51253,Materials
51253,Materials
51253,Materials
51253,Materials
51253,Materials
51253,Materials
51253,Materials
50863,Information Technology
50863,Information Technology
50863,Information Technology
50863,Information Technology
50863,Information Technology
50863,Information Technology
50863,Information Technology
50863,Information Technology
50863,Information Technology
50863,Information Technology
50863,Information Technology
50863,Information Technology
50863,Information Technology
50863,Information Technology
50863,Information Technology
896878,Information Technology
896878,Information Technology
896878,Information Technology
896878,Information Technology
896878,Information Technology
896878,Information Technology
896878,Information Technology
896878,Information Technology
896878,Information Technology
896878,Information Technology
896878,Information Technology
896878,Information Technology
896878,Information Technology
896878,Information Technology
896878,Information Technology
896878,Information Technology
896878,Information Technology
896878,Information Technology
896878,Information Technology
51434,Materials
51434,Materials
51434,Materials
51434,Materials
51434,Materials
51434,Materials
51434,Materials
51434,Materials
51434,Materials
51434,Materials
51434,Materials
51434,Materials
51434,Materials
51434,Materials
51434,Materials
51434,Materials
51434,Materials
51434,Materials
51434,Materials
51434,Materials
51644,Communication Services
51644,Communication Services
51644,Communication Services
51644,Communication Services
51644,Communication Services
51644,Communication Services
51644,Communication Services
51644,Communication Services
51644,Communication Services
51644,Communication Services
51644,Communication Services
51644,Communication Services
51644,Communication Services
51644,Communication Services
51644,Communication Services
51644,Communication Services
51644,Communication Services
51644,Communication Services
51644,Communication Services
51644,Communication Services
49826,Industrials
49826,Industrials
49826,Industrials
49826,Industrials
49826,Industrials
49826,Industrials
49826,Industrials
49826,Industrials
49826,Industrials
49826,Industrials
49826,Industrials
49826,Industrials
49826,Industrials
49826,Industrials
49826,Industrials
49826,Industrials
49826,Industrials
49826,Industrials
49826,Industrials
49826,Industrials
833444,Industrials
833444,Industrials
833444,Industrials
833444,Industrials
833444,Industrials
833444,Industrials
833444,Industrials
833444,Industrials
833444,Industrials
833444,Industrials
833444,Industrials
833444,Industrials
833444,Industrials
833444,Industrials
833444,Industrials
833444,Industrials
833444,Industrials
833444,Industrials
833444,Industrials
833444,Industrials
200406,Health Care
200406,Health Care
200406,Health Care
200406,Health Care
200406,Health Care
200406,Health Care
200406,Health Care
200406,Health Care
200406,Health Care
200406,Health Care
200406,Health Care
200406,Health Care
200406,Health Care
200406,Health Care
200406,Health Care
200406,Health Care
200406,Health Care
19617,Financials
19617,Financials
19617,Financials
19617,Financials
19617,Financials
19617,Financials
19617,Financials
19617,Financials
19617,Financials
19617,Financials
19617,Financials
19617,Financials
19617,Financials
19617,Financials
19617,Financials
19617,Financials
19617,Financials
19617,Financials
55067,Consumer Staples
55067,Consumer Staples
55067,Consumer Staples
55067,Consumer Staples
55067,Consumer Staples
55067,Consumer Staples
55067,Consumer Staples
55067,Consumer Staples
55067,Consumer Staples
55067,Consumer Staples
55067,Consumer Staples
55067,Consumer Staples
55067,Consumer Staples
55067,Consumer Staples
55067,Consumer Staples
91576,Financials
91576,Financials
91576,Financials
91576,Financials
91576,Financials
91576,Financials
91576,Financials
91576,Financials
91576,Financials
91576,Financials
91576,Financials
91576,Financials
91576,Financials
91576,Financials
91576,Financials
91576,Financials
91576,Financials
91576,Financials
91576,Financials
91576,Financials
319201,Information Technology
319201,Information Technology
319201,Information Technology
319201,Information Technology
319201,Information Technology
319201,Information Technology
319201,Information Technology
319201,Information Technology
319201,Information Technology
319201,Information Technology
319201,Information Technology
319201,Information Technology
319201,Information Technology
319201,Information Technology
319201,Information Technology
319201,Information Technology
319201,Information Technology
319201,Information Technology
319201,Information Technology
319201,Information Technology
55785,Consumer Staples
55785,Consumer Staples
55785,Consumer Staples
55785,Consumer Staples
55785,Consumer Staples
55785,Consumer Staples
55785,Consumer Staples
55785,Consumer Staples
55785,Consumer Staples
55785,Consumer Staples
55785,Consumer Staples
55785,Consumer Staples
55785,Consumer Staples
55785,Consumer Staples
55785,Consumer Staples
55785,Consumer Staples
55785,Consumer Staples
55785,Consumer Staples
55785,Consumer Staples
55785,Consumer Staples
21344,Consumer Staples
21344,Consumer Staples
21344,Consumer Staples
21344,Consumer Staples
21344,Consumer Staples
21344,Consumer Staples
21344,Consumer Staples
21344,Consumer Staples
21344,Consumer Staples
21344,Consumer Staples
21344,Consumer Staples
21344,Consumer Staples
21344,Consumer Staples
21344,Consumer Staples
21344,Consumer Staples
21344,Consumer Staples
21344,Consumer Staples
21344,Consumer Staples
21344,Consumer Staples
56873,Consumer Staples
56873,Consumer Staples
56873,Consumer Staples
56873,Consumer Staples
56873,Consumer Staples
56873,Consumer Staples
56873,Consumer Staples
56873,Consumer Staples
56873,Consumer Staples
56873,Consumer Staples
56873,Consumer Staples
56873,Consumer Staples
56873,Consumer Staples
56873,Consumer Staples
56873,Consumer Staples
56873,Consumer Staples
56873,Consumer Staples
56873,Consumer Staples
56873,Consumer Staples
56873,Consumer Staples
60086,Financials
60086,Financials
60086,Financials
60086,Financials
60086,Financials
60086,Financials
60086,Financials
60086,Financials
60086,Financials
60086,Financials
60086,Financials
60086,Financials
60086,Financials
60086,Financials
60086,Financials
60086,Financials
60086,Financials
60086,Financials
60086,Financials
60086,Financials
920148,Health Care
920148,Health Care
920148,Health Care
920148,Health Care
920148,Health Care
920148,Health Care
920148,Health Care
920148,Health Care
920148,Health Care
920148,Health Care
920148,Health Care
920148,Health Care
920148,Health Care
920148,Health Care
920148,Health Care
920148,Health Care
920148,Health Care
59478,Health Care
59478,Health Care
59478,Health Care
59478,Health Care
59478,Health Care
59478,Health Care
59478,Health Care
59478,Health Care
59478,Health Care
59478,Health Care
59478,Health Care
59478,Health Care
59478,Health Care
59478,Health Care
59478,Health Care
59478,Health Care
59478,Health Care
59478,Health Care
936468,Industrials
936468,Industrials
936468,Industrials
936468,Industrials
936468,Industrials
936468,Industrials
936468,Industrials
936468,Industrials
936468,Industrials
936468,Industrials
936468,Industrials
936468,Industrials
936468,Industrials
936468,Industrials
936468,Industrials
936468,Industrials
936468,Industrials
936468,Industrials
936468,Industrials
936468,Industrials
60667,Consumer Discretionary
60667,Consumer Discretionary
60667,Consumer Discretionary
60667,Consumer Discretionary
60667,Consumer Discretionary
60667,Consumer Discretionary
60667,Consumer Discretionary
60667,Consumer Discretionary
60667,Consumer Discretionary
60667,Consumer Discretionary
60667,Consumer Discretionary
60667,Consumer Discretionary
60667,Consumer Discretionary
60667,Consumer Discretionary
60667,Consumer Discretionary
60667,Consumer Discretionary
60667,Consumer Discretionary
60667,Consumer Discretionary
60667,Consumer Discretionary
92380,Industrials
92380,Industrials
92380,Industrials
92380,Industrials
92380,Industrials
92380,Industrials
92380,Industrials
92380,Industrials
92380,Industrials
92380,Industrials
92380,Industrials
92380,Industrials
92380,Industrials
92380,Industrials
92380,Industrials
92380,Industrials
92380,Industrials
92380,Industrials
92380,Industrials
92380,Industrials
1048286,Consumer Discretionary
1048286,Consumer Discretionary
1048286,Consumer Discretionary
1048286,Consumer Discretionary
1048286,Consumer Discretionary
1048286,Consumer Discretionary
1048286,Consumer Discretionary
1048286,Consumer Discretionary
1048286,Consumer Discretionary
1048286,Consumer Discretionary
1048286,Consumer Discretionary
1048286,Consumer Discretionary
1048286,Consumer Discretionary
1048286,Consumer Discretionary
1048286,Consumer Discretionary
1048286,Consumer Discretionary
1048286,Consumer Discretionary
1048286,Consumer Discretionary
1048286,Consumer Discretionary
1048286,Consumer Discretionary
62996,Industrials
62996,Industrials
62996,Industrials
62996,Industrials
62996,Industrials
62996,Industrials
62996,Industrials
62996,Industrials
62996,Industrials
62996,Industrials
62996,Industrials
62996,Industrials
62996,Industrials
62996,Industrials
62996,Industrials
62996,Industrials
62996,Industrials
62996,Industrials
62996,Industrials
63908,Consumer Discretionary
63908,Consumer Discretionary
63908,Consumer Discretionary
63908,Consumer Discretionary
63908,Consumer Discretionary
63908,Consumer Discretionary
63908,Consumer Discretionary
63908,Consumer Discretionary
63908,Consumer Discretionary
63908,Consumer Discretionary
63908,Consumer Discretionary
63908,Consumer Discretionary
63908,Consumer Discretionary
63908,Consumer Discretionary
63908,Consumer Discretionary
927653,Health Care
927653,Health Care
927653,Health Care
927653,Health Care
927653,Health Care
927653,Health Care
927653,Health Care
927653,Health Care
927653,Health Care
927653,Health Care
927653,Health Care
927653,Health Care
927653,Health Care
927653,Health Care
927653,Health Care
927653,Health Care
927653,Health Care
927653,Health Care
927653,Health Care
927653,Health Care
1059556,Financials
1059556,Financials
1059556,Financials
1059556,Financials
1059556,Financials
1059556,Financials
1059556,Financials
1059556,Financials
1059556,Financials
1059556,Financials
1059556,Financials
1059556,Financials
1059556,Financials
1059556,Financials
1059556,Financials
1059556,Financials
1059556,Financials
1059556,Financials
1059556,Financials
1059556,Financials
1613103,Health Care
1613103,Health Care
1613103,Health Care
1613103,Health Care
1613103,Health Care
1613103,Health Care
1613103,Health Care
1613103,Health Care
1613103,Health Care
1613103,Health Care
1613103,Health Care
1099219,Financials
1099219,Financials
1099219,Financials
1099219,Financials
1099219,Financials
1099219,Financials
1099219,Financials
1099219,Financials
1099219,Financials
1099219,Financials
1099219,Financials
1099219,Financials
1099219,Financials
1099219,Financials
1099219,Financials
1099219,Financials
1099219,Financials
1099219,Financials
1099219,Financials
63754,Consumer Staples
63754,Consumer Staples
63754,Consumer Staples
63754,Consumer Staples
63754,Consumer Staples
63754,Consumer Staples
63754,Consumer Staples
63754,Consumer Staples
63754,Consumer Staples
63754,Consumer Staples
63754,Consumer Staples
63754,Consumer Staples
63754,Consumer Staples
63754,Consumer Staples
63754,Consumer Staples
62709,Financials
62709,Financials
62709,Financials
62709,Financials
62709,Financials
62709,Financials
62709,Financials
62709,Financials
62709,Financials
62709,Financials
62709,Financials
62709,Financials
62709,Financials
62709,Financials
62709,Financials
62709,Financials
62709,Financials
62709,Financials
62709,Financials
62709,Financials
66740,Industrials
66740,Industrials
66740,Industrials
66740,Industrials
66740,Industrials
66740,Industrials
66740,Industrials
66740,Industrials
66740,Industrials
66740,Industrials
66740,Industrials
66740,Industrials
66740,Industrials
66740,Industrials
66740,Industrials
66740,Industrials
66740,Industrials
66740,Industrials
66740,Industrials
66740,Industrials
764180,Consumer Staples
764180,Consumer Staples
764180,Consumer Staples
764180,Consumer Staples
764180,Consumer Staples
764180,Consumer Staples
764180,Consumer Staples
764180,Consumer Staples
764180,Consumer Staples
764180,Consumer Staples
764180,Consumer Staples
764180,Consumer Staples
764180,Consumer Staples
764180,Consumer Staples
764180,Consumer Staples
764180,Consumer Staples
764180,Consumer Staples
764180,Consumer Staples
764180,Consumer Staples
764180,Consumer Staples
310158,Health Care
310158,Health Care
310158,Health Care
310158,Health Care
310158,Health Care
310158,Health Care
310158,Health Care
310158,Health Care
310158,Health Care
310158,Health Care
310158,Health Care
310158,Health Care
310158,Health Care
310158,Health Care
310158,Health Care
310158,Health Care
310158,Health Care
310158,Health Care
310158,Health Care
310158,Health Care
895421,Financials
895421,Financials
895421,Financials
895421,Financials
895421,Financials
895421,Financials
895421,Financials
895421,Financials
895421,Financials
895421,Financials
895421,Financials
895421,Financials
895421,Financials
895421,Financials
895421,Financials
895421,Financials
895421,Financials
895421,Financials
895421,Financials
895421,Financials
789019,Information Technology
789019,Information Technology
789019,Information Technology
789019,Information Technology
789019,Information Technology
789019,Information Technology
789019,Information Technology
789019,Information Technology
789019,Information Technology
789019,Information Technology
789019,Information Technology
789019,Information Technology
789019,Information Technology
789019,Information Technology
789019,Information Technology
789019,Information Technology
789019,Information Technology
789019,Information Technology
789019,Information Technology
789019,Information Technology
68505,Information Technology
68505,Information Technology
68505,Information Technology
68505,Information Technology
68505,Information Technology
68505,Information Technology
68505,Information Technology
68505,Information Technology
68505,Information Technology
68505,Information Technology
68505,Information Technology
68505,Information Technology
68505,Information Technology
68505,Information Technology
68505,Information Technology
68505,Information Technology
68505,Information Technology
36270,Financials
36270,Financials
36270,Financials
36270,Financials
36270,Financials
36270,Financials
36270,Financials
36270,Financials
36270,Financials
36270,Financials
36270,Financials
36270,Financials
36270,Financials
36270,Financials
36270,Financials
36270,Financials
36270,Financials
36270,Financials
36270,Financials
36270,Financials
723125,Information Technology
723125,Information Technology
723125,Information Technology
723125,Information Technology
723125,Information Technology
723125,Information Technology
723125,Information Technology
723125,Information Technology
723125,Information Technology
723125,Information Technology
723125,Information Technology
723125,Information Technology
723125,Information Technology
723125,Information Technology
723125,Information Technology
723125,Information Technology
723125,Information Technology
753308,Utilities
753308,Utilities
753308,Utilities
753308,Utilities
753308,Utilities
753308,Utilities
753308,Utilities
753308,Utilities
753308,Utilities
753308,Utilities
753308,Utilities
753308,Utilities
753308,Utilities
753308,Utilities
753308,Utilities
753308,Utilities
753308,Utilities
753308,Utilities
753308,Utilities
753308,Utilities
1164727,Materials
1164727,Materials
1164727,Materials
1164727,Materials
1111711,Utilities
1111711,Utilities
1111711,Utilities
1111711,Utilities
1111711,Utilities
1111711,Utilities
1111711,Utilities
1111711,Utilities
1111711,Utilities
1111711,Utilities
1111711,Utilities
1111711,Utilities
1111711,Utilities
1111711,Utilities
1111711,Utilities
1111711,Utilities
1111711,Utilities
1111711,Utilities
320187,Consumer Discretionary
320187,Consumer Discretionary
320187,Consumer Discretionary
320187,Consumer Discretionary
320187,Consumer Discretionary
320187,Consumer Discretionary
320187,Consumer Discretionary
320187,Consumer Discretionary
320187,Consumer Discretionary
320187,Consumer Discretionary
320187,Consumer Discretionary
320187,Consumer Discretionary
320187,Consumer Discretionary
320187,Consumer Discretionary
320187,Consumer Discretionary
320187,Consumer Discretionary
320187,Consumer Discretionary
320187,Consumer Discretionary
320187,Consumer Discretionary
320187,Consumer Discretionary
1133421,Industrials
1133421,Industrials
1133421,Industrials
1133421,Industrials
1133421,Industrials
1133421,Industrials
1133421,Industrials
1133421,Industrials
1133421,Industrials
1133421,Industrials
1133421,Industrials
1133421,Industrials
1133421,Industrials
1133421,Industrials
1133421,Industrials
1133421,Industrials
1133421,Industrials
1133421,Industrials
1133421,Industrials
1133421,Industrials
702165,Industrials
702165,Industrials
702165,Industrials
702165,Industrials
702165,Industrials
702165,Industrials
702165,Industrials
702165,Industrials
702165,Industrials
702165,Industrials
702165,Industrials
702165,Industrials
702165,Industrials
702165,Industrials
702165,Industrials
702165,Industrials
702165,Industrials
702165,Industrials
702165,Industrials
702165,Industrials
1002047,Information Technology
1002047,Information Technology
1002047,Information Technology
1002047,Information Technology
1002047,Information Technology
1002047,Information Technology
1002047,Information Technology
1002047,Information Technology
1002047,Information Technology
1002047,Information Technology
1002047,Information Technology
1002047,Information Technology
1002047,Information Technology
1002047,Information Technology
1002047,Information Technology
1002047,Information Technology
1002047,Information Technology
1002047,Information Technology
1002047,Information Technology
1002047,Information Technology
73124,Financials
73124,Financials
73124,Financials
73124,Financials
73124,Financials
73124,Financials
73124,Financials
73124,Financials
73124,Financials
73124,Financials
73124,Financials
73124,Financials
73124,Financials
73124,Financials
73124,Financials
73124,Financials
73124,Financials
73124,Financials
73124,Financials
73124,Financials
73309,Materials
73309,Materials
73309,Materials
73309,Materials
73309,Materials
73309,Materials
73309,Materials
73309,Materials
73309,Materials
73309,Materials
73309,Materials
73309,Materials
73309,Materials
73309,Materials
73309,Materials
73309,Materials
73309,Materials
73309,Materials
73309,Materials
73309,Materials
1045810,Information Technology
1045810,Information Technology
1045810,Information Technology
1045810,Information Technology
1045810,Information Technology
1045810,Information Technology
1045810,Information Technology
1045810,Information Technology
1045810,Information Technology
1045810,Information Technology
1045810,Information Technology
1045810,Information Technology
1045810,Information Technology
1045810,Information Technology
1045810,Information Technology
1045810,Information Technology
1045810,Information Technology
1045810,Information Technology
1045810,Information Technology
1045810,Information Technology
29989,Communication Services
29989,Communication Services
29989,Communication Services
29989,Communication Services
29989,Communication Services
29989,Communication Services
29989,Communication Services
29989,Communication Services
29989,Communication Services
29989,Communication Services
29989,Communication Services
29989,Communication Services
29989,Communication Services
29989,Communication Services
29989,Communication Services
29989,Communication Services
29989,Communication Services
29989,Communication Services
1341439,Information Technology
1341439,Information Technology
1341439,Information Technology
1341439,Information Technology
1341439,Information Technology
1341439,Information Technology
1341439,Information Technology
1341439,Information Technology
1341439,Information Technology
1341439,Information Technology
1341439,Information Technology
1341439,Information Technology
1341439,Information Technology
1341439,Information Technology
1341439,Information Technology
1341439,Information Technology
1341439,Information Technology
1341439,Information Technology
1341439,Information Technology
1341439,Information Technology
797468,Energy
797468,Energy
797468,Energy
797468,Energy
797468,Energy
797468,Energy
797468,Energy
797468,Energy
797468,Energy
797468,Energy
797468,Energy
797468,Energy
797468,Energy
797468,Energy
797468,Energy
797468,Energy
797468,Energy
797468,Energy
797468,Energy
723531,Industrials
723531,Industrials
723531,Industrials
723531,Industrials
723531,Industrials
723531,Industrials
723531,Industrials
723531,Industrials
723531,Industrials
723531,Industrials
723531,Industrials
723531,Industrials
723531,Industrials
723531,Industrials
723531,Industrials
723531,Industrials
723531,Industrials
723531,Industrials
723531,Industrials
723531,Industrials
75362,Industrials
75362,Industrials
75362,Industrials
75362,Industrials
75362,Industrials
75362,Industrials
75362,Industrials
75362,Industrials
75362,Industrials
75362,Industrials
75362,Industrials
75362,Industrials
75362,Industrials
75362,Industrials
75362,Industrials
75362,Industrials
75362,Industrials
75362,Industrials
75362,Industrials
788784,Utilities
788784,Utilities
788784,Utilities
788784,Utilities
788784,Utilities
788784,Utilities
788784,Utilities
788784,Utilities
788784,Utilities
788784,Utilities
788784,Utilities
788784,Utilities
788784,Utilities
788784,Utilities
788784,Utilities
788784,Utilities
77476,Consumer Staples
77476,Consumer Staples
77476,Consumer Staples
77476,Consumer Staples
77476,Consumer Staples
77476,Consumer Staples
77476,Consumer Staples
77476,Consumer Staples
77476,Consumer Staples
77476,Consumer Staples
77476,Consumer Staples
77476,Consumer Staples
77476,Consumer Staples
77476,Consumer Staples
77476,Consumer Staples
77476,Consumer Staples
77476,Consumer Staples
77476,Consumer Staples
77476,Consumer Staples
77476,Consumer Staples
78003,Health Care
78003,Health Care
78003,Health Care
78003,Health Care
78003,Health Care
78003,Health Care
78003,Health Care
78003,Health Care
78003,Health Care
78003,Health Care
78003,Health Care
78003,Health Care
78003,Health Care
78003,Health Care
78003,Health Care
1126328,Financials
1126328,Financials
1126328,Financials
1126328,Financials
1126328,Financials
1126328,Financials
1126328,Financials
1126328,Financials
1126328,Financials
1126328,Financials
1126328,Financials
1126328,Financials
1126328,Financials
1126328,Financials
1126328,Financials
1126328,Financials
1126328,Financials
1126328,Financials
1126328,Financials
1126328,Financials
80424,Consumer Staples
80424,Consumer Staples
80424,Consumer Staples
80424,Consumer Staples
80424,Consumer Staples
80424,Consumer Staples
80424,Consumer Staples
80424,Consumer Staples
80424,Consumer Staples
80424,Consumer Staples
80424,Consumer Staples
80424,Consumer Staples
80424,Consumer Staples
80661,Financials
80661,Financials
80661,Financials
80661,Financials
80661,Financials
80661,Financials
80661,Financials
80661,Financials
80661,Financials
80661,Financials
80661,Financials
80661,Financials
80661,Financials
80661,Financials
80661,Financials
76334,Industrials
76334,Industrials
76334,Industrials
76334,Industrials
76334,Industrials
76334,Industrials
76334,Industrials
76334,Industrials
76334,Industrials
76334,Industrials
76334,Industrials
76334,Industrials
76334,Industrials
76334,Industrials
76334,Industrials
76334,Industrials
76334,Industrials
76334,Industrials
76334,Industrials
822416,Consumer Discretionary
822416,Consumer Discretionary
822416,Consumer Discretionary
822416,Consumer Discretionary
822416,Consumer Discretionary
822416,Consumer Discretionary
822416,Consumer Discretionary
822416,Consumer Discretionary
822416,Consumer Discretionary
822416,Consumer Discretionary
822416,Consumer Discretionary
822416,Consumer Discretionary
822416,Consumer Discretionary
822416,Consumer Discretionary
822416,Consumer Discretionary
822416,Consumer Discretionary
822416,Consumer Discretionary
822416,Consumer Discretionary
822416,Consumer Discretionary
822416,Consumer Discretionary
1045609,Real Estate
1045609,Real Estate
1045609,Real Estate
1045609,Real Estate
1045609,Real Estate
1045609,Real Estate
1045609,Real Estate
1045609,Real Estate
1045609,Real Estate
1045609,Real Estate
1045609,Real Estate
1045609,Real Estate
1045609,Real Estate
1045609,Real Estate
1045609,Real Estate
1045609,Real Estate
1045609,Real Estate
1045609,Real Estate
1045609,Real Estate
1045609,Real Estate
713676,Financials
713676,Financials
713676,Financials
713676,Financials
713676,Financials
713676,Financials
713676,Financials
713676,Financials
713676,Financials
713676,Financials
713676,Financials
713676,Financials
713676,Financials
713676,Financials
713676,Financials
713676,Financials
713676,Financials
713676,Financials
713676,Financials
713676,Financials
764622,Utilities
764622,Utilities
764622,Utilities
764622,Utilities
764622,Utilities
764622,Utilities
764622,Utilities
764622,Utilities
764622,Utilities
764622,Utilities
764622,Utilities
764622,Utilities
764622,Utilities
764622,Utilities
764622,Utilities
764622,Utilities
764622,Utilities
764622,Utilities
764622,Utilities
764622,Utilities
79879,Materials
79879,Materials
79879,Materials
79879,Materials
79879,Materials
79879,Materials
79879,Materials
79879,Materials
79879,Materials
79879,Materials
79879,Materials
79879,Materials
79879,Materials
79879,Materials
79879,Materials
79879,Materials
79879,Materials
79879,Materials
79879,Materials
79879,Materials
922224,Utilities
922224,Utilities
922224,Utilities
922224,Utilities
922224,Utilities
922224,Utilities
922224,Utilities
922224,Utilities
922224,Utilities
922224,Utilities
922224,Utilities
922224,Utilities
922224,Utilities
922224,Utilities
922224,Utilities
922224,Utilities
922224,Utilities
922224,Utilities
922224,Utilities
922224,Utilities
1137774,Financials
1137774,Financials
1137774,Financials
1137774,Financials
1137774,Financials
1137774,Financials
1137774,Financials
1137774,Financials
1137774,Financials
1137774,Financials
1137774,Financials
1137774,Financials
1137774,Financials
1137774,Financials
1137774,Financials
1137774,Financials
1137774,Financials
1137774,Financials
1137774,Financials
1137774,Financials
804328,Information Technology
804328,Information Technology
804328,Information Technology
804328,Information Technology
804328,Information Technology
804328,Information Technology
804328,Information Technology
804328,Information Technology
804328,Information Technology
804328,Information Technology
804328,Information Technology
804328,Information Technology
804328,Information Technology
804328,Information Technology
804328,Information Technology
804328,Information Technology
804328,Information Technology
804328,Information Technology
804328,Information Technology
1281761,Financials
1281761,Financials
1281761,Financials
1281761,Financials
1281761,Financials
1281761,Financials
1281761,Financials
1281761,Financials
1281761,Financials
1281761,Financials
1281761,Financials
1281761,Financials
1281761,Financials
1281761,Financials
1281761,Financials
1024478,Industrials
1024478,Industrials
1024478,Industrials
1024478,Industrials
1024478,Industrials
1024478,Industrials
1024478,Industrials
1024478,Industrials
1024478,Industrials
1024478,Industrials
1024478,Industrials
1024478,Industrials
1024478,Industrials
1024478,Industrials
1024478,Industrials
1024478,Industrials
1024478,Industrials
1024478,Industrials
1024478,Industrials
829224,Consumer Discretionary
829224,Consumer Discretionary
829224,Consumer Discretionary
829224,Consumer Discretionary
829224,Consumer Discretionary
829224,Consumer Discretionary
829224,Consumer Discretionary
829224,Consumer Discretionary
829224,Consumer Discretionary
829224,Consumer Discretionary
829224,Consumer Discretionary
829224,Consumer Discretionary
829224,Consumer Discretionary
829224,Consumer Discretionary
829224,Consumer Discretionary
829224,Consumer Discretionary
829224,Consumer Discretionary
829224,Consumer Discretionary
829224,Consumer Discretionary
829224,Consumer Discretionary
316709,Financials
316709,Financials
316709,Financials
316709,Financials
316709,Financials
316709,Financials
316709,Financials
316709,Financials
316709,Financials
316709,Financials
316709,Financials
316709,Financials
316709,Financials
316709,Financials
316709,Financials
316709,Financials
316709,Financials
316709,Financials
316709,Financials
316709,Financials
89800,Materials
89800,Materials
89800,Materials
89800,Materials
89800,Materials
89800,Materials
89800,Materials
89800,Materials
89800,Materials
89800,Materials
89800,Materials
89800,Materials
89800,Materials
89800,Materials
89800,Materials
89800,Materials
89800,Materials
89800,Materials
89800,Materials
89800,Materials
87347,Energy
87347,Energy
87347,Energy
87347,Energy
87347,Energy
87347,Energy
87347,Energy
87347,Energy
87347,Energy
87347,Energy
87347,Energy
87347,Energy
87347,Energy
87347,Energy
87347,Energy
87347,Energy
87347,Energy
87347,Energy
87347,Energy
87347,Energy
91440,Industrials
91440,Industrials
91440,Industrials
91440,Industrials
91440,Industrials
91440,Industrials
91440,Industrials
91440,Industrials
91440,Industrials
91440,Industrials
91440,Industrials
91440,Industrials
91440,Industrials
91440,Industrials
91440,Industrials
91440,Industrials
91440,Industrials
91440,Industrials
91440,Industrials
92122,Utilities
92122,Utilities
92122,Utilities
92122,Utilities
92122,Utilities
92122,Utilities
92122,Utilities
92122,Utilities
92122,Utilities
92122,Utilities
92122,Utilities
92122,Utilities
92122,Utilities
92122,Utilities
92122,Utilities
92122,Utilities
92122,Utilities
92122,Utilities
92122,Utilities
92122,Utilities
1063761,Real Estate
1063761,Real Estate
1063761,Real Estate
1063761,Real Estate
1063761,Real Estate
1063761,Real Estate
1063761,Real Estate
1063761,Real Estate
1063761,Real Estate
1063761,Real Estate
1063761,Real Estate
1063761,Real Estate
1063761,Real Estate
1063761,Real Estate
1063761,Real Estate
1063761,Real Estate
1063761,Real Estate
1063761,Real Estate
1063761,Real Estate
1063761,Real Estate
64040,Financials
64040,Financials
64040,Financials
64040,Financials
64040,Financials
64040,Financials
64040,Financials
64040,Financials
64040,Financials
64040,Financials
64040,Financials
64040,Financials
64040,Financials
64040,Financials
64040,Financials
64040,Financials
64040,Financials
64040,Financials
64040,Financials
64040,Financials
1032208,Utilities
1032208,Utilities
1032208,Utilities
1032208,Utilities
1032208,Utilities
1032208,Utilities
1032208,Utilities
1032208,Utilities
1032208,Utilities
93751,Financials
93751,Financials
93751,Financials
93751,Financials
93751,Financials
93751,Financials
93751,Financials
93751,Financials
93751,Financials
93751,Financials
93751,Financials
93751,Financials
93751,Financials
93751,Financials
93751,Financials
93556,Industrials
93556,Industrials
93556,Industrials
93556,Industrials
93556,Industrials
93556,Industrials
93556,Industrials
93556,Industrials
93556,Industrials
93556,Industrials
93556,Industrials
93556,Industrials
93556,Industrials
93556,Industrials
93556,Industrials
93556,Industrials
93556,Industrials
93556,Industrials
93556,Industrials
93556,Industrials
310764,Health Care
310764,Health Care
310764,Health Care
310764,Health Care
310764,Health Care
310764,Health Care
310764,Health Care
310764,Health Care
310764,Health Care
310764,Health Care
310764,Health Care
310764,Health Care
310764,Health Care
310764,Health Care
310764,Health Care
96021,Consumer Staples
96021,Consumer Staples
96021,Consumer Staples
96021,Consumer Staples
96021,Consumer Staples
96021,Consumer Staples
96021,Consumer Staples
96021,Consumer Staples
96021,Consumer Staples
96021,Consumer Staples
96021,Consumer Staples
96021,Consumer Staples
96021,Consumer Staples
96021,Consumer Staples
96021,Consumer Staples
96021,Consumer Staples
96021,Consumer Staples
96021,Consumer Staples
96021,Consumer Staples
732717,Communication Services
24545,Consumer Staples
24545,Consumer Staples
24545,Consumer Staples
24545,Consumer Staples
24545,Consumer Staples
24545,Consumer Staples
24545,Consumer Staples
24545,Consumer Staples
24545,Consumer Staples
24545,Consumer Staples
24545,Consumer Staples
24545,Consumer Staples
24545,Consumer Staples
24545,Consumer Staples
24545,Consumer Staples
24545,Consumer Staples
24545,Consumer Staples
24545,Consumer Staples
24545,Consumer Staples
24545,Consumer Staples
27419,Consumer Staples
27419,Consumer Staples
27419,Consumer Staples
27419,Consumer Staples
27419,Consumer Staples
27419,Consumer Staples
27419,Consumer Staples
27419,Consumer Staples
27419,Consumer Staples
27419,Consumer Staples
27419,Consumer Staples
27419,Consumer Staples
27419,Consumer Staples
27419,Consumer Staples
27419,Consumer Staples
27419,Consumer Staples
27419,Consumer Staples
27419,Consumer Staples
27419,Consumer Staples
27419,Consumer Staples
109198,Consumer Discretionary
109198,Consumer Discretionary
109198,Consumer Discretionary
109198,Consumer Discretionary
109198,Consumer Discretionary
109198,Consumer Discretionary
109198,Consumer Discretionary
109198,Consumer Discretionary
109198,Consumer Discretionary
109198,Consumer Discretionary
109198,Consumer Discretionary
109198,Consumer Discretionary
109198,Consumer Discretionary
109198,Consumer Discretionary
109198,Consumer Discretionary
109198,Consumer Discretionary
109198,Consumer Discretionary
109198,Consumer Discretionary
109198,Consumer Discretionary
97745,Health Care
97745,Health Care
97745,Health Care
97745,Health Care
97745,Health Care
97745,Health Care
97745,Health Care
97745,Health Care
97745,Health Care
97745,Health Care
97745,Health Care
97745,Health Care
97745,Health Care
97745,Health Care
97745,Health Care
97745,Health Care
97745,Health Care
97745,Health Care
97745,Health Care
97745,Health Care
1116132,Consumer Discretionary
1116132,Consumer Discretionary
1116132,Consumer Discretionary
1116132,Consumer Discretionary
1116132,Consumer Discretionary
1116132,Consumer Discretionary
1116132,Consumer Discretionary
1116132,Consumer Discretionary
1116132,Consumer Discretionary
1116132,Consumer Discretionary
1116132,Consumer Discretionary
1116132,Consumer Discretionary
1116132,Consumer Discretionary
1116132,Consumer Discretionary
1116132,Consumer Discretionary
1116132,Consumer Discretionary
1116132,Consumer Discretionary
1116132,Consumer Discretionary
1116132,Consumer Discretionary
1113169,Financials
1113169,Financials
1113169,Financials
1113169,Financials
1113169,Financials
1113169,Financials
1113169,Financials
1113169,Financials
1113169,Financials
1113169,Financials
1113169,Financials
1113169,Financials
1113169,Financials
1113169,Financials
1113169,Financials
1113169,Financials
1113169,Financials
1113169,Financials
1113169,Financials
1113169,Financials
86312,Financials
86312,Financials
86312,Financials
86312,Financials
86312,Financials
86312,Financials
86312,Financials
86312,Financials
86312,Financials
86312,Financials
86312,Financials
86312,Financials
86312,Financials
86312,Financials
86312,Financials
86312,Financials
86312,Financials
86312,Financials
86312,Financials
86312,Financials
97476,Information Technology
97476,Information Technology
97476,Information Technology
97476,Information Technology
97476,Information Technology
97476,Information Technology
97476,Information Technology
97476,Information Technology
97476,Information Technology
97476,Information Technology
97476,Information Technology
97476,Information Technology
97476,Information Technology
97476,Information Technology
217346,Industrials
217346,Industrials
217346,Industrials
217346,Industrials
217346,Industrials
217346,Industrials
217346,Industrials
217346,Industrials
217346,Industrials
217346,Industrials
217346,Industrials
217346,Industrials
217346,Industrials
217346,Industrials
217346,Industrials
217346,Industrials
217346,Industrials
731766,Health Care
731766,Health Care
731766,Health Care
731766,Health Care
731766,Health Care
731766,Health Care
731766,Health Care
731766,Health Care
731766,Health Care
731766,Health Care
731766,Health Care
731766,Health Care
731766,Health Care
731766,Health Care
731766,Health Care
731766,Health Care
731766,Health Care
731766,Health Care
731766,Health Care
731766,Health Care
100885,Industrials
100885,Industrials
100885,Industrials
100885,Industrials
100885,Industrials
100885,Industrials
100885,Industrials
100885,Industrials
100885,Industrials
100885,Industrials
100885,Industrials
100885,Industrials
100885,Industrials
100885,Industrials
100885,Industrials
100885,Industrials
100885,Industrials
100885,Industrials
100885,Industrials
100885,Industrials
1090727,Industrials
1090727,Industrials
1090727,Industrials
1090727,Industrials
1090727,Industrials
1090727,Industrials
1090727,Industrials
1090727,Industrials
1090727,Industrials
1090727,Industrials
1090727,Industrials
1090727,Industrials
1090727,Industrials
1090727,Industrials
1090727,Industrials
1090727,Industrials
1090727,Industrials
1090727,Industrials
1090727,Industrials
1090727,Industrials
36104,Financials
36104,Financials
36104,Financials
36104,Financials
36104,Financials
36104,Financials
36104,Financials
36104,Financials
36104,Financials
36104,Financials
36104,Financials
36104,Financials
36104,Financials
36104,Financials
36104,Financials
36104,Financials
36104,Financials
36104,Financials
1035002,Energy
1035002,Energy
1035002,Energy
1035002,Energy
1035002,Energy
1035002,Energy
1035002,Energy
1035002,Energy
1035002,Energy
1035002,Energy
1035002,Energy
1035002,Energy
1035002,Energy
1035002,Energy
1035002,Energy
1035002,Energy
1035002,Energy
1035002,Energy
1035002,Energy
1035002,Energy
1396009,Materials
1396009,Materials
1396009,Materials
1396009,Materials
1396009,Materials
1396009,Materials
1396009,Materials
1396009,Materials
1396009,Materials
1396009,Materials
1396009,Materials
1396009,Materials
1396009,Materials
1396009,Materials
1396009,Materials
1396009,Materials
1396009,Materials
1396009,Materials
732712,Communication Services
732712,Communication Services
732712,Communication Services
732712,Communication Services
732712,Communication Services
732712,Communication Services
732712,Communication Services
732712,Communication Services
732712,Communication Services
732712,Communication Services
732712,Communication Services
732712,Communication Services
732712,Communication Services
732712,Communication Services
732712,Communication Services
732712,Communication Services
732712,Communication Services
732712,Communication Services
732712,Communication Services
732712,Communication Services
1000697,Health Care
1000697,Health Care
1000697,Health Care
1000697,Health Care
1000697,Health Care
1000697,Health Care
1000697,Health Care
1000697,Health Care
1000697,Health Care
1000697,Health Care
1000697,Health Care
1000697,Health Care
1000697,Health Care
1000697,Health Care
1000697,Health Care
1000697,Health Care
1000697,Health Care
1000697,Health Care
1000697,Health Care
1000697,Health Care
1618921,Consumer Staples
1618921,Consumer Staples
1618921,Consumer Staples
1618921,Consumer Staples
1618921,Consumer Staples
1618921,Consumer Staples
1618921,Consumer Staples
1618921,Consumer Staples
1618921,Consumer Staples
1618921,Consumer Staples
72971,Financials
72971,Financials
72971,Financials
72971,Financials
72971,Financials
72971,Financials
72971,Financials
72971,Financials
72971,Financials
72971,Financials
72971,Financials
72971,Financials
72971,Financials
72971,Financials
823768,Industrials
823768,Industrials
823768,Industrials
823768,Industrials
823768,Industrials
823768,Industrials
823768,Industrials
823768,Industrials
823768,Industrials
823768,Industrials
823768,Industrials
823768,Industrials
823768,Industrials
823768,Industrials
823768,Industrials
823768,Industrials
823768,Industrials
823768,Industrials
823768,Industrials
823768,Industrials
107263,Energy
107263,Energy
107263,Energy
107263,Energy
107263,Energy
107263,Energy
107263,Energy
107263,Energy
107263,Energy
107263,Energy
107263,Energy
107263,Energy
107263,Energy
107263,Energy
107263,Energy
107263,Energy
107263,Energy
107263,Energy
107263,Energy
107263,Energy
104169,Consumer Staples
104169,Consumer Staples
104169,Consumer Staples
104169,Consumer Staples
104169,Consumer Staples
104169,Consumer Staples
104169,Consumer Staples
104169,Consumer Staples
104169,Consumer Staples
104169,Consumer Staples
104169,Consumer Staples
104169,Consumer Staples
104169,Consumer Staples
104169,Consumer Staples
104169,Consumer Staples
104169,Consumer Staples
104169,Consumer Staples
104169,Consumer Staples
104169,Consumer Staples
104169,Consumer Staples
106535,Real Estate
106535,Real Estate
106535,Real Estate
106535,Real Estate
106535,Real Estate
106535,Real Estate
106535,Real Estate
106535,Real Estate
106535,Real Estate
106535,Real Estate
106535,Real Estate
106535,Real Estate
106535,Real Estate
106535,Real Estate
106535,Real Estate
106535,Real Estate
106535,Real Estate
106535,Real Estate
106535,Real Estate
106535,Real Estate
72903,Utilities
72903,Utilities
72903,Utilities
72903,Utilities
72903,Utilities
72903,Utilities
72903,Utilities
72903,Utilities
72903,Utilities
72903,Utilities
72903,Utilities
72903,Utilities
72903,Utilities
72903,Utilities
72903,Utilities
72903,Utilities
72903,Utilities
72903,Utilities
72903,Utilities
72903,Utilities
34088,Energy
34088,Energy
34088,Energy
34088,Energy
34088,Energy
34088,Energy
34088,Energy
34088,Energy
34088,Energy
34088,Energy
34088,Energy
34088,Energy
34088,Energy
34088,Energy
34088,Energy
1041061,Consumer Discretionary
1041061,Consumer Discretionary
1041061,Consumer Discretionary
1041061,Consumer Discretionary
1041061,Consumer Discretionary
1041061,Consumer Discretionary
1041061,Consumer Discretionary
1041061,Consumer Discretionary
1041061,Consumer Discretionary
1041061,Consumer Discretionary
1041061,Consumer Discretionary
1041061,Consumer Discretionary
1041061,Consumer Discretionary
1041061,Consumer Discretionary
1041061,Consumer Discretionary
1136869,Health Care
1136869,Health Care
1136869,Health Care
1136869,Health Care
1136869,Health Care
1136869,Health Care
1136869,Health Care
1136869,Health Care
1136869,Health Care
1136869,Health Care
1136869,Health Care
1136869,Health Care
1136869,Health Care
1136869,Health Care
1136869,Health Care
1136869,Health Care
1136869,Health Care
1136869,Health Care
1136869,Health Care
1136869,Health Care
